English,French
Hello,Bonjour
Hi,Salut
Good morning,Bonjour
Good evening,Bonsoir
How are you?,Comment allez-vous ?
I am fine.,Je vais bien.
I love you.,Je t'aime.
Thank you.,Merci.
Please.,S'il vous plaît.
Excuse me.,Excusez-moi.
Where is this location?,Où se trouve cet endroit ?
How do I get there?,Comment puis-je y aller ?
What time is it?,Quelle heure est-il ?
Where can I get food?,Où puis-je manger ?
I need help.,J'ai besoin d'aide.
Hello (16),Bonjour (16)
Hi (17),Salut (17)
Good morning (18),Bonjour (18)
Good evening (19),Bonsoir (19)
How are you? (20),Comment allez-vous ? (20)
I am fine. (21),Je vais bien. (21)
I love you. (22),Je t'aime. (22)
Thank you. (23),Merci. (23)
Please. (24),S'il vous plaît. (24)
Excuse me. (25),Excusez-moi. (25)
Where is this location? (26),Où se trouve cet endroit ? (26)
How do I get there? (27),Comment puis-je y aller ? (27)
What time is it? (28),Quelle heure est-il ? (28)
Where can I get food? (29),Où puis-je manger ? (29)
I need help. (30),J'ai besoin d'aide. (30)
Hello (31),Bonjour (31)
Hi (32),Salut (32)
Good morning (33),Bonjour (33)
Good evening (34),Bonsoir (34)
How are you? (35),Comment allez-vous ? (35)
I am fine. (36),Je vais bien. (36)
I love you. (37),Je t'aime. (37)
Thank you. (38),Merci. (38)
Please. (39),S'il vous plaît. (39)
Excuse me. (40),Excusez-moi. (40)
Where is this location? (41),Où se trouve cet endroit ? (41)
How do I get there? (42),Comment puis-je y aller ? (42)
What time is it? (43),Quelle heure est-il ? (43)
Where can I get food? (44),Où puis-je manger ? (44)
I need help. (45),J'ai besoin d'aide. (45)
Hello (46),Bonjour (46)
Hi (47),Salut (47)
Good morning (48),Bonjour (48)
Good evening (49),Bonsoir (49)
How are you? (50),Comment allez-vous ? (50)
I am fine. (51),Je vais bien. (51)
I love you. (52),Je t'aime. (52)
Thank you. (53),Merci. (53)
Please. (54),S'il vous plaît. (54)
Excuse me. (55),Excusez-moi. (55)
Where is this location? (56),Où se trouve cet endroit ? (56)
How do I get there? (57),Comment puis-je y aller ? (57)
What time is it? (58),Quelle heure est-il ? (58)
Where can I get food? (59),Où puis-je manger ? (59)
I need help. (60),J'ai besoin d'aide. (60)
Hello (61),Bonjour (61)
Hi (62),Salut (62)
Good morning (63),Bonjour (63)
Good evening (64),Bonsoir (64)
How are you? (65),Comment allez-vous ? (65)
I am fine. (66),Je vais bien. (66)
I love you. (67),Je t'aime. (67)
Thank you. (68),Merci. (68)
Please. (69),S'il vous plaît. (69)
Excuse me. (70),Excusez-moi. (70)
Where is this location? (71),Où se trouve cet endroit ? (71)
How do I get there? (72),Comment puis-je y aller ? (72)
What time is it? (73),Quelle heure est-il ? (73)
Where can I get food? (74),Où puis-je manger ? (74)
I need help. (75),J'ai besoin d'aide. (75)
Hello (76),Bonjour (76)
Hi (77),Salut (77)
Good morning (78),Bonjour (78)
Good evening (79),Bonsoir (79)
How are you? (80),Comment allez-vous ? (80)
I am fine. (81),Je vais bien. (81)
I love you. (82),Je t'aime. (82)
Thank you. (83),Merci. (83)
Please. (84),S'il vous plaît. (84)
Excuse me. (85),Excusez-moi. (85)
Where is this location? (86),Où se trouve cet endroit ? (86)
How do I get there? (87),Comment puis-je y aller ? (87)
What time is it? (88),Quelle heure est-il ? (88)
Where can I get food? (89),Où puis-je manger ? (89)
I need help. (90),J'ai besoin d'aide. (90)
Hello (91),Bonjour (91)
Hi (92),Salut (92)
Good morning (93),Bonjour (93)
Good evening (94),Bonsoir (94)
How are you? (95),Comment allez-vous ? (95)
I am fine. (96),Je vais bien. (96)
I love you. (97),Je t'aime. (97)
Thank you. (98),Merci. (98)
Please. (99),S'il vous plaît. (99)
Excuse me. (100),Excusez-moi. (100)
Where is this location? (101),Où se trouve cet endroit ? (101)
How do I get there? (102),Comment puis-je y aller ? (102)
What time is it? (103),Quelle heure est-il ? (103)
Where can I get food? (104),Où puis-je manger ? (104)
I need help. (105),J'ai besoin d'aide. (105)
Hello (106),Bonjour (106)
Hi (107),Salut (107)
Good morning (108),Bonjour (108)
Good evening (109),Bonsoir (109)
How are you? (110),Comment allez-vous ? (110)
I am fine. (111),Je vais bien. (111)
I love you. (112),Je t'aime. (112)
Thank you. (113),Merci. (113)
Please. (114),S'il vous plaît. (114)
Excuse me. (115),Excusez-moi. (115)
Where is this location? (116),Où se trouve cet endroit ? (116)
How do I get there? (117),Comment puis-je y aller ? (117)
What time is it? (118),Quelle heure est-il ? (118)
Where can I get food? (119),Où puis-je manger ? (119)
I need help. (120),J'ai besoin d'aide. (120)
Hello (121),Bonjour (121)
Hi (122),Salut (122)
Good morning (123),Bonjour (123)
Good evening (124),Bonsoir (124)
How are you? (125),Comment allez-vous ? (125)
I am fine. (126),Je vais bien. (126)
I love you. (127),Je t'aime. (127)
Thank you. (128),Merci. (128)
Please. (129),S'il vous plaît. (129)
Excuse me. (130),Excusez-moi. (130)
Where is this location? (131),Où se trouve cet endroit ? (131)
How do I get there? (132),Comment puis-je y aller ? (132)
What time is it? (133),Quelle heure est-il ? (133)
Where can I get food? (134),Où puis-je manger ? (134)
I need help. (135),J'ai besoin d'aide. (135)
Hello (136),Bonjour (136)
Hi (137),Salut (137)
Good morning (138),Bonjour (138)
Good evening (139),Bonsoir (139)
How are you? (140),Comment allez-vous ? (140)
I am fine. (141),Je vais bien. (141)
I love you. (142),Je t'aime. (142)
Thank you. (143),Merci. (143)
Please. (144),S'il vous plaît. (144)
Excuse me. (145),Excusez-moi. (145)
Where is this location? (146),Où se trouve cet endroit ? (146)
How do I get there? (147),Comment puis-je y aller ? (147)
What time is it? (148),Quelle heure est-il ? (148)
Where can I get food? (149),Où puis-je manger ? (149)
I need help. (150),J'ai besoin d'aide. (150)
Hello (151),Bonjour (151)
Hi (152),Salut (152)
Good morning (153),Bonjour (153)
Good evening (154),Bonsoir (154)
How are you? (155),Comment allez-vous ? (155)
I am fine. (156),Je vais bien. (156)
I love you. (157),Je t'aime. (157)
Thank you. (158),Merci. (158)
Please. (159),S'il vous plaît. (159)
Excuse me. (160),Excusez-moi. (160)
Where is this location? (161),Où se trouve cet endroit ? (161)
How do I get there? (162),Comment puis-je y aller ? (162)
What time is it? (163),Quelle heure est-il ? (163)
Where can I get food? (164),Où puis-je manger ? (164)
I need help. (165),J'ai besoin d'aide. (165)
Hello (166),Bonjour (166)
Hi (167),Salut (167)
Good morning (168),Bonjour (168)
Good evening (169),Bonsoir (169)
How are you? (170),Comment allez-vous ? (170)
I am fine. (171),Je vais bien. (171)
I love you. (172),Je t'aime. (172)
Thank you. (173),Merci. (173)
Please. (174),S'il vous plaît. (174)
Excuse me. (175),Excusez-moi. (175)
Where is this location? (176),Où se trouve cet endroit ? (176)
How do I get there? (177),Comment puis-je y aller ? (177)
What time is it? (178),Quelle heure est-il ? (178)
Where can I get food? (179),Où puis-je manger ? (179)
I need help. (180),J'ai besoin d'aide. (180)
Hello (181),Bonjour (181)
Hi (182),Salut (182)
Good morning (183),Bonjour (183)
Good evening (184),Bonsoir (184)
How are you? (185),Comment allez-vous ? (185)
I am fine. (186),Je vais bien. (186)
I love you. (187),Je t'aime. (187)
Thank you. (188),Merci. (188)
Please. (189),S'il vous plaît. (189)
Excuse me. (190),Excusez-moi. (190)
Where is this location? (191),Où se trouve cet endroit ? (191)
How do I get there? (192),Comment puis-je y aller ? (192)
What time is it? (193),Quelle heure est-il ? (193)
Where can I get food? (194),Où puis-je manger ? (194)
I need help. (195),J'ai besoin d'aide. (195)
Hello (196),Bonjour (196)
Hi (197),Salut (197)
Good morning (198),Bonjour (198)
Good evening (199),Bonsoir (199)
How are you? (200),Comment allez-vous ? (200)
I am fine. (201),Je vais bien. (201)
I love you. (202),Je t'aime. (202)
Thank you. (203),Merci. (203)
Please. (204),S'il vous plaît. (204)
Excuse me. (205),Excusez-moi. (205)
Where is this location? (206),Où se trouve cet endroit ? (206)
How do I get there? (207),Comment puis-je y aller ? (207)
What time is it? (208),Quelle heure est-il ? (208)
Where can I get food? (209),Où puis-je manger ? (209)
I need help. (210),J'ai besoin d'aide. (210)
Hello (211),Bonjour (211)
Hi (212),Salut (212)
Good morning (213),Bonjour (213)
Good evening (214),Bonsoir (214)
How are you? (215),Comment allez-vous ? (215)
I am fine. (216),Je vais bien. (216)
I love you. (217),Je t'aime. (217)
Thank you. (218),Merci. (218)
Please. (219),S'il vous plaît. (219)
Excuse me. (220),Excusez-moi. (220)
Where is this location? (221),Où se trouve cet endroit ? (221)
How do I get there? (222),Comment puis-je y aller ? (222)
What time is it? (223),Quelle heure est-il ? (223)
Where can I get food? (224),Où puis-je manger ? (224)
I need help. (225),J'ai besoin d'aide. (225)
Hello (226),Bonjour (226)
Hi (227),Salut (227)
Good morning (228),Bonjour (228)
Good evening (229),Bonsoir (229)
How are you? (230),Comment allez-vous ? (230)
I am fine. (231),Je vais bien. (231)
I love you. (232),Je t'aime. (232)
Thank you. (233),Merci. (233)
Please. (234),S'il vous plaît. (234)
Excuse me. (235),Excusez-moi. (235)
Where is this location? (236),Où se trouve cet endroit ? (236)
How do I get there? (237),Comment puis-je y aller ? (237)
What time is it? (238),Quelle heure est-il ? (238)
Where can I get food? (239),Où puis-je manger ? (239)
I need help. (240),J'ai besoin d'aide. (240)
Hello (241),Bonjour (241)
Hi (242),Salut (242)
Good morning (243),Bonjour (243)
Good evening (244),Bonsoir (244)
How are you? (245),Comment allez-vous ? (245)
I am fine. (246),Je vais bien. (246)
I love you. (247),Je t'aime. (247)
Thank you. (248),Merci. (248)
Please. (249),S'il vous plaît. (249)
Excuse me. (250),Excusez-moi. (250)
Where is this location? (251),Où se trouve cet endroit ? (251)
How do I get there? (252),Comment puis-je y aller ? (252)
What time is it? (253),Quelle heure est-il ? (253)
Where can I get food? (254),Où puis-je manger ? (254)
I need help. (255),J'ai besoin d'aide. (255)
Hello (256),Bonjour (256)
Hi (257),Salut (257)
Good morning (258),Bonjour (258)
Good evening (259),Bonsoir (259)
How are you? (260),Comment allez-vous ? (260)
I am fine. (261),Je vais bien. (261)
I love you. (262),Je t'aime. (262)
Thank you. (263),Merci. (263)
Please. (264),S'il vous plaît. (264)
Excuse me. (265),Excusez-moi. (265)
Where is this location? (266),Où se trouve cet endroit ? (266)
How do I get there? (267),Comment puis-je y aller ? (267)
What time is it? (268),Quelle heure est-il ? (268)
Where can I get food? (269),Où puis-je manger ? (269)
I need help. (270),J'ai besoin d'aide. (270)
Hello (271),Bonjour (271)
Hi (272),Salut (272)
Good morning (273),Bonjour (273)
Good evening (274),Bonsoir (274)
How are you? (275),Comment allez-vous ? (275)
I am fine. (276),Je vais bien. (276)
I love you. (277),Je t'aime. (277)
Thank you. (278),Merci. (278)
Please. (279),S'il vous plaît. (279)
Excuse me. (280),Excusez-moi. (280)
Where is this location? (281),Où se trouve cet endroit ? (281)
How do I get there? (282),Comment puis-je y aller ? (282)
What time is it? (283),Quelle heure est-il ? (283)
Where can I get food? (284),Où puis-je manger ? (284)
I need help. (285),J'ai besoin d'aide. (285)
Hello (286),Bonjour (286)
Hi (287),Salut (287)
Good morning (288),Bonjour (288)
Good evening (289),Bonsoir (289)
How are you? (290),Comment allez-vous ? (290)
I am fine. (291),Je vais bien. (291)
I love you. (292),Je t'aime. (292)
Thank you. (293),Merci. (293)
Please. (294),S'il vous plaît. (294)
Excuse me. (295),Excusez-moi. (295)
Where is this location? (296),Où se trouve cet endroit ? (296)
How do I get there? (297),Comment puis-je y aller ? (297)
What time is it? (298),Quelle heure est-il ? (298)
Where can I get food? (299),Où puis-je manger ? (299)
I need help. (300),J'ai besoin d'aide. (300)
Hello (301),Bonjour (301)
Hi (302),Salut (302)
Good morning (303),Bonjour (303)
Good evening (304),Bonsoir (304)
How are you? (305),Comment allez-vous ? (305)
I am fine. (306),Je vais bien. (306)
I love you. (307),Je t'aime. (307)
Thank you. (308),Merci. (308)
Please. (309),S'il vous plaît. (309)
Excuse me. (310),Excusez-moi. (310)
Where is this location? (311),Où se trouve cet endroit ? (311)
How do I get there? (312),Comment puis-je y aller ? (312)
What time is it? (313),Quelle heure est-il ? (313)
Where can I get food? (314),Où puis-je manger ? (314)
I need help. (315),J'ai besoin d'aide. (315)
Hello (316),Bonjour (316)
Hi (317),Salut (317)
Good morning (318),Bonjour (318)
Good evening (319),Bonsoir (319)
How are you? (320),Comment allez-vous ? (320)
I am fine. (321),Je vais bien. (321)
I love you. (322),Je t'aime. (322)
Thank you. (323),Merci. (323)
Please. (324),S'il vous plaît. (324)
Excuse me. (325),Excusez-moi. (325)
Where is this location? (326),Où se trouve cet endroit ? (326)
How do I get there? (327),Comment puis-je y aller ? (327)
What time is it? (328),Quelle heure est-il ? (328)
Where can I get food? (329),Où puis-je manger ? (329)
I need help. (330),J'ai besoin d'aide. (330)
Hello (331),Bonjour (331)
Hi (332),Salut (332)
Good morning (333),Bonjour (333)
Good evening (334),Bonsoir (334)
How are you? (335),Comment allez-vous ? (335)
I am fine. (336),Je vais bien. (336)
I love you. (337),Je t'aime. (337)
Thank you. (338),Merci. (338)
Please. (339),S'il vous plaît. (339)
Excuse me. (340),Excusez-moi. (340)
Where is this location? (341),Où se trouve cet endroit ? (341)
How do I get there? (342),Comment puis-je y aller ? (342)
What time is it? (343),Quelle heure est-il ? (343)
Where can I get food? (344),Où puis-je manger ? (344)
I need help. (345),J'ai besoin d'aide. (345)
Hello (346),Bonjour (346)
Hi (347),Salut (347)
Good morning (348),Bonjour (348)
Good evening (349),Bonsoir (349)
How are you? (350),Comment allez-vous ? (350)
I am fine. (351),Je vais bien. (351)
I love you. (352),Je t'aime. (352)
Thank you. (353),Merci. (353)
Please. (354),S'il vous plaît. (354)
Excuse me. (355),Excusez-moi. (355)
Where is this location? (356),Où se trouve cet endroit ? (356)
How do I get there? (357),Comment puis-je y aller ? (357)
What time is it? (358),Quelle heure est-il ? (358)
Where can I get food? (359),Où puis-je manger ? (359)
I need help. (360),J'ai besoin d'aide. (360)
Hello (361),Bonjour (361)
Hi (362),Salut (362)
Good morning (363),Bonjour (363)
Good evening (364),Bonsoir (364)
How are you? (365),Comment allez-vous ? (365)
I am fine. (366),Je vais bien. (366)
I love you. (367),Je t'aime. (367)
Thank you. (368),Merci. (368)
Please. (369),S'il vous plaît. (369)
Excuse me. (370),Excusez-moi. (370)
Where is this location? (371),Où se trouve cet endroit ? (371)
How do I get there? (372),Comment puis-je y aller ? (372)
What time is it? (373),Quelle heure est-il ? (373)
Where can I get food? (374),Où puis-je manger ? (374)
I need help. (375),J'ai besoin d'aide. (375)
Hello (376),Bonjour (376)
Hi (377),Salut (377)
Good morning (378),Bonjour (378)
Good evening (379),Bonsoir (379)
How are you? (380),Comment allez-vous ? (380)
I am fine. (381),Je vais bien. (381)
I love you. (382),Je t'aime. (382)
Thank you. (383),Merci. (383)
Please. (384),S'il vous plaît. (384)
Excuse me. (385),Excusez-moi. (385)
Where is this location? (386),Où se trouve cet endroit ? (386)
How do I get there? (387),Comment puis-je y aller ? (387)
What time is it? (388),Quelle heure est-il ? (388)
Where can I get food? (389),Où puis-je manger ? (389)
I need help. (390),J'ai besoin d'aide. (390)
Hello (391),Bonjour (391)
Hi (392),Salut (392)
Good morning (393),Bonjour (393)
Good evening (394),Bonsoir (394)
How are you? (395),Comment allez-vous ? (395)
I am fine. (396),Je vais bien. (396)
I love you. (397),Je t'aime. (397)
Thank you. (398),Merci. (398)
Please. (399),S'il vous plaît. (399)
Excuse me. (400),Excusez-moi. (400)
Where is this location? (401),Où se trouve cet endroit ? (401)
How do I get there? (402),Comment puis-je y aller ? (402)
What time is it? (403),Quelle heure est-il ? (403)
Where can I get food? (404),Où puis-je manger ? (404)
I need help. (405),J'ai besoin d'aide. (405)
Hello (406),Bonjour (406)
Hi (407),Salut (407)
Good morning (408),Bonjour (408)
Good evening (409),Bonsoir (409)
How are you? (410),Comment allez-vous ? (410)
I am fine. (411),Je vais bien. (411)
I love you. (412),Je t'aime. (412)
Thank you. (413),Merci. (413)
Please. (414),S'il vous plaît. (414)
Excuse me. (415),Excusez-moi. (415)
Where is this location? (416),Où se trouve cet endroit ? (416)
How do I get there? (417),Comment puis-je y aller ? (417)
What time is it? (418),Quelle heure est-il ? (418)
Where can I get food? (419),Où puis-je manger ? (419)
I need help. (420),J'ai besoin d'aide. (420)
Hello (421),Bonjour (421)
Hi (422),Salut (422)
Good morning (423),Bonjour (423)
Good evening (424),Bonsoir (424)
How are you? (425),Comment allez-vous ? (425)
I am fine. (426),Je vais bien. (426)
I love you. (427),Je t'aime. (427)
Thank you. (428),Merci. (428)
Please. (429),S'il vous plaît. (429)
Excuse me. (430),Excusez-moi. (430)
Where is this location? (431),Où se trouve cet endroit ? (431)
How do I get there? (432),Comment puis-je y aller ? (432)
What time is it? (433),Quelle heure est-il ? (433)
Where can I get food? (434),Où puis-je manger ? (434)
I need help. (435),J'ai besoin d'aide. (435)
Hello (436),Bonjour (436)
Hi (437),Salut (437)
Good morning (438),Bonjour (438)
Good evening (439),Bonsoir (439)
How are you? (440),Comment allez-vous ? (440)
I am fine. (441),Je vais bien. (441)
I love you. (442),Je t'aime. (442)
Thank you. (443),Merci. (443)
Please. (444),S'il vous plaît. (444)
Excuse me. (445),Excusez-moi. (445)
Where is this location? (446),Où se trouve cet endroit ? (446)
How do I get there? (447),Comment puis-je y aller ? (447)
What time is it? (448),Quelle heure est-il ? (448)
Where can I get food? (449),Où puis-je manger ? (449)
I need help. (450),J'ai besoin d'aide. (450)
Hello (451),Bonjour (451)
Hi (452),Salut (452)
Good morning (453),Bonjour (453)
Good evening (454),Bonsoir (454)
How are you? (455),Comment allez-vous ? (455)
I am fine. (456),Je vais bien. (456)
I love you. (457),Je t'aime. (457)
Thank you. (458),Merci. (458)
Please. (459),S'il vous plaît. (459)
Excuse me. (460),Excusez-moi. (460)
Where is this location? (461),Où se trouve cet endroit ? (461)
How do I get there? (462),Comment puis-je y aller ? (462)
What time is it? (463),Quelle heure est-il ? (463)
Where can I get food? (464),Où puis-je manger ? (464)
I need help. (465),J'ai besoin d'aide. (465)
Hello (466),Bonjour (466)
Hi (467),Salut (467)
Good morning (468),Bonjour (468)
Good evening (469),Bonsoir (469)
How are you? (470),Comment allez-vous ? (470)
I am fine. (471),Je vais bien. (471)
I love you. (472),Je t'aime. (472)
Thank you. (473),Merci. (473)
Please. (474),S'il vous plaît. (474)
Excuse me. (475),Excusez-moi. (475)
Where is this location? (476),Où se trouve cet endroit ? (476)
How do I get there? (477),Comment puis-je y aller ? (477)
What time is it? (478),Quelle heure est-il ? (478)
Where can I get food? (479),Où puis-je manger ? (479)
I need help. (480),J'ai besoin d'aide. (480)
Hello (481),Bonjour (481)
Hi (482),Salut (482)
Good morning (483),Bonjour (483)
Good evening (484),Bonsoir (484)
How are you? (485),Comment allez-vous ? (485)
I am fine. (486),Je vais bien. (486)
I love you. (487),Je t'aime. (487)
Thank you. (488),Merci. (488)
Please. (489),S'il vous plaît. (489)
Excuse me. (490),Excusez-moi. (490)
Where is this location? (491),Où se trouve cet endroit ? (491)
How do I get there? (492),Comment puis-je y aller ? (492)
What time is it? (493),Quelle heure est-il ? (493)
Where can I get food? (494),Où puis-je manger ? (494)
I need help. (495),J'ai besoin d'aide. (495)
Hello (496),Bonjour (496)
Hi (497),Salut (497)
Good morning (498),Bonjour (498)
Good evening (499),Bonsoir (499)
How are you? (500),Comment allez-vous ? (500)
I am fine. (501),Je vais bien. (501)
I love you. (502),Je t'aime. (502)
Thank you. (503),Merci. (503)
Please. (504),S'il vous plaît. (504)
Excuse me. (505),Excusez-moi. (505)
Where is this location? (506),Où se trouve cet endroit ? (506)
How do I get there? (507),Comment puis-je y aller ? (507)
What time is it? (508),Quelle heure est-il ? (508)
Where can I get food? (509),Où puis-je manger ? (509)
I need help. (510),J'ai besoin d'aide. (510)
Hello (511),Bonjour (511)
Hi (512),Salut (512)
Good morning (513),Bonjour (513)
Good evening (514),Bonsoir (514)
How are you? (515),Comment allez-vous ? (515)
I am fine. (516),Je vais bien. (516)
I love you. (517),Je t'aime. (517)
Thank you. (518),Merci. (518)
Please. (519),S'il vous plaît. (519)
Excuse me. (520),Excusez-moi. (520)
Where is this location? (521),Où se trouve cet endroit ? (521)
How do I get there? (522),Comment puis-je y aller ? (522)
What time is it? (523),Quelle heure est-il ? (523)
Where can I get food? (524),Où puis-je manger ? (524)
I need help. (525),J'ai besoin d'aide. (525)
Hello (526),Bonjour (526)
Hi (527),Salut (527)
Good morning (528),Bonjour (528)
Good evening (529),Bonsoir (529)
How are you? (530),Comment allez-vous ? (530)
I am fine. (531),Je vais bien. (531)
I love you. (532),Je t'aime. (532)
Thank you. (533),Merci. (533)
Please. (534),S'il vous plaît. (534)
Excuse me. (535),Excusez-moi. (535)
Where is this location? (536),Où se trouve cet endroit ? (536)
How do I get there? (537),Comment puis-je y aller ? (537)
What time is it? (538),Quelle heure est-il ? (538)
Where can I get food? (539),Où puis-je manger ? (539)
I need help. (540),J'ai besoin d'aide. (540)
Hello (541),Bonjour (541)
Hi (542),Salut (542)
Good morning (543),Bonjour (543)
Good evening (544),Bonsoir (544)
How are you? (545),Comment allez-vous ? (545)
I am fine. (546),Je vais bien. (546)
I love you. (547),Je t'aime. (547)
Thank you. (548),Merci. (548)
Please. (549),S'il vous plaît. (549)
Excuse me. (550),Excusez-moi. (550)
Where is this location? (551),Où se trouve cet endroit ? (551)
How do I get there? (552),Comment puis-je y aller ? (552)
What time is it? (553),Quelle heure est-il ? (553)
Where can I get food? (554),Où puis-je manger ? (554)
I need help. (555),J'ai besoin d'aide. (555)
Hello (556),Bonjour (556)
Hi (557),Salut (557)
Good morning (558),Bonjour (558)
Good evening (559),Bonsoir (559)
How are you? (560),Comment allez-vous ? (560)
I am fine. (561),Je vais bien. (561)
I love you. (562),Je t'aime. (562)
Thank you. (563),Merci. (563)
Please. (564),S'il vous plaît. (564)
Excuse me. (565),Excusez-moi. (565)
Where is this location? (566),Où se trouve cet endroit ? (566)
How do I get there? (567),Comment puis-je y aller ? (567)
What time is it? (568),Quelle heure est-il ? (568)
Where can I get food? (569),Où puis-je manger ? (569)
I need help. (570),J'ai besoin d'aide. (570)
Hello (571),Bonjour (571)
Hi (572),Salut (572)
Good morning (573),Bonjour (573)
Good evening (574),Bonsoir (574)
How are you? (575),Comment allez-vous ? (575)
I am fine. (576),Je vais bien. (576)
I love you. (577),Je t'aime. (577)
Thank you. (578),Merci. (578)
Please. (579),S'il vous plaît. (579)
Excuse me. (580),Excusez-moi. (580)
Where is this location? (581),Où se trouve cet endroit ? (581)
How do I get there? (582),Comment puis-je y aller ? (582)
What time is it? (583),Quelle heure est-il ? (583)
Where can I get food? (584),Où puis-je manger ? (584)
I need help. (585),J'ai besoin d'aide. (585)
Hello (586),Bonjour (586)
Hi (587),Salut (587)
Good morning (588),Bonjour (588)
Good evening (589),Bonsoir (589)
How are you? (590),Comment allez-vous ? (590)
I am fine. (591),Je vais bien. (591)
I love you. (592),Je t'aime. (592)
Thank you. (593),Merci. (593)
Please. (594),S'il vous plaît. (594)
Excuse me. (595),Excusez-moi. (595)
Where is this location? (596),Où se trouve cet endroit ? (596)
How do I get there? (597),Comment puis-je y aller ? (597)
What time is it? (598),Quelle heure est-il ? (598)
Where can I get food? (599),Où puis-je manger ? (599)
I need help. (600),J'ai besoin d'aide. (600)
Hello (601),Bonjour (601)
Hi (602),Salut (602)
Good morning (603),Bonjour (603)
Good evening (604),Bonsoir (604)
How are you? (605),Comment allez-vous ? (605)
I am fine. (606),Je vais bien. (606)
I love you. (607),Je t'aime. (607)
Thank you. (608),Merci. (608)
Please. (609),S'il vous plaît. (609)
Excuse me. (610),Excusez-moi. (610)
Where is this location? (611),Où se trouve cet endroit ? (611)
How do I get there? (612),Comment puis-je y aller ? (612)
What time is it? (613),Quelle heure est-il ? (613)
Where can I get food? (614),Où puis-je manger ? (614)
I need help. (615),J'ai besoin d'aide. (615)
Hello (616),Bonjour (616)
Hi (617),Salut (617)
Good morning (618),Bonjour (618)
Good evening (619),Bonsoir (619)
How are you? (620),Comment allez-vous ? (620)
I am fine. (621),Je vais bien. (621)
I love you. (622),Je t'aime. (622)
Thank you. (623),Merci. (623)
Please. (624),S'il vous plaît. (624)
Excuse me. (625),Excusez-moi. (625)
Where is this location? (626),Où se trouve cet endroit ? (626)
How do I get there? (627),Comment puis-je y aller ? (627)
What time is it? (628),Quelle heure est-il ? (628)
Where can I get food? (629),Où puis-je manger ? (629)
I need help. (630),J'ai besoin d'aide. (630)
Hello (631),Bonjour (631)
Hi (632),Salut (632)
Good morning (633),Bonjour (633)
Good evening (634),Bonsoir (634)
How are you? (635),Comment allez-vous ? (635)
I am fine. (636),Je vais bien. (636)
I love you. (637),Je t'aime. (637)
Thank you. (638),Merci. (638)
Please. (639),S'il vous plaît. (639)
Excuse me. (640),Excusez-moi. (640)
Where is this location? (641),Où se trouve cet endroit ? (641)
How do I get there? (642),Comment puis-je y aller ? (642)
What time is it? (643),Quelle heure est-il ? (643)
Where can I get food? (644),Où puis-je manger ? (644)
I need help. (645),J'ai besoin d'aide. (645)
Hello (646),Bonjour (646)
Hi (647),Salut (647)
Good morning (648),Bonjour (648)
Good evening (649),Bonsoir (649)
How are you? (650),Comment allez-vous ? (650)
I am fine. (651),Je vais bien. (651)
I love you. (652),Je t'aime. (652)
Thank you. (653),Merci. (653)
Please. (654),S'il vous plaît. (654)
Excuse me. (655),Excusez-moi. (655)
Where is this location? (656),Où se trouve cet endroit ? (656)
How do I get there? (657),Comment puis-je y aller ? (657)
What time is it? (658),Quelle heure est-il ? (658)
Where can I get food? (659),Où puis-je manger ? (659)
I need help. (660),J'ai besoin d'aide. (660)
Hello (661),Bonjour (661)
Hi (662),Salut (662)
Good morning (663),Bonjour (663)
Good evening (664),Bonsoir (664)
How are you? (665),Comment allez-vous ? (665)
I am fine. (666),Je vais bien. (666)
I love you. (667),Je t'aime. (667)
Thank you. (668),Merci. (668)
Please. (669),S'il vous plaît. (669)
Excuse me. (670),Excusez-moi. (670)
Where is this location? (671),Où se trouve cet endroit ? (671)
How do I get there? (672),Comment puis-je y aller ? (672)
What time is it? (673),Quelle heure est-il ? (673)
Where can I get food? (674),Où puis-je manger ? (674)
I need help. (675),J'ai besoin d'aide. (675)
Hello (676),Bonjour (676)
Hi (677),Salut (677)
Good morning (678),Bonjour (678)
Good evening (679),Bonsoir (679)
How are you? (680),Comment allez-vous ? (680)
I am fine. (681),Je vais bien. (681)
I love you. (682),Je t'aime. (682)
Thank you. (683),Merci. (683)
Please. (684),S'il vous plaît. (684)
Excuse me. (685),Excusez-moi. (685)
Where is this location? (686),Où se trouve cet endroit ? (686)
How do I get there? (687),Comment puis-je y aller ? (687)
What time is it? (688),Quelle heure est-il ? (688)
Where can I get food? (689),Où puis-je manger ? (689)
I need help. (690),J'ai besoin d'aide. (690)
Hello (691),Bonjour (691)
Hi (692),Salut (692)
Good morning (693),Bonjour (693)
Good evening (694),Bonsoir (694)
How are you? (695),Comment allez-vous ? (695)
I am fine. (696),Je vais bien. (696)
I love you. (697),Je t'aime. (697)
Thank you. (698),Merci. (698)
Please. (699),S'il vous plaît. (699)
Excuse me. (700),Excusez-moi. (700)
Where is this location? (701),Où se trouve cet endroit ? (701)
How do I get there? (702),Comment puis-je y aller ? (702)
What time is it? (703),Quelle heure est-il ? (703)
Where can I get food? (704),Où puis-je manger ? (704)
I need help. (705),J'ai besoin d'aide. (705)
Hello (706),Bonjour (706)
Hi (707),Salut (707)
Good morning (708),Bonjour (708)
Good evening (709),Bonsoir (709)
How are you? (710),Comment allez-vous ? (710)
I am fine. (711),Je vais bien. (711)
I love you. (712),Je t'aime. (712)
Thank you. (713),Merci. (713)
Please. (714),S'il vous plaît. (714)
Excuse me. (715),Excusez-moi. (715)
Where is this location? (716),Où se trouve cet endroit ? (716)
How do I get there? (717),Comment puis-je y aller ? (717)
What time is it? (718),Quelle heure est-il ? (718)
Where can I get food? (719),Où puis-je manger ? (719)
I need help. (720),J'ai besoin d'aide. (720)
Hello (721),Bonjour (721)
Hi (722),Salut (722)
Good morning (723),Bonjour (723)
Good evening (724),Bonsoir (724)
How are you? (725),Comment allez-vous ? (725)
I am fine. (726),Je vais bien. (726)
I love you. (727),Je t'aime. (727)
Thank you. (728),Merci. (728)
Please. (729),S'il vous plaît. (729)
Excuse me. (730),Excusez-moi. (730)
Where is this location? (731),Où se trouve cet endroit ? (731)
How do I get there? (732),Comment puis-je y aller ? (732)
What time is it? (733),Quelle heure est-il ? (733)
Where can I get food? (734),Où puis-je manger ? (734)
I need help. (735),J'ai besoin d'aide. (735)
Hello (736),Bonjour (736)
Hi (737),Salut (737)
Good morning (738),Bonjour (738)
Good evening (739),Bonsoir (739)
How are you? (740),Comment allez-vous ? (740)
I am fine. (741),Je vais bien. (741)
I love you. (742),Je t'aime. (742)
Thank you. (743),Merci. (743)
Please. (744),S'il vous plaît. (744)
Excuse me. (745),Excusez-moi. (745)
Where is this location? (746),Où se trouve cet endroit ? (746)
How do I get there? (747),Comment puis-je y aller ? (747)
What time is it? (748),Quelle heure est-il ? (748)
Where can I get food? (749),Où puis-je manger ? (749)
I need help. (750),J'ai besoin d'aide. (750)
Hello (751),Bonjour (751)
Hi (752),Salut (752)
Good morning (753),Bonjour (753)
Good evening (754),Bonsoir (754)
How are you? (755),Comment allez-vous ? (755)
I am fine. (756),Je vais bien. (756)
I love you. (757),Je t'aime. (757)
Thank you. (758),Merci. (758)
Please. (759),S'il vous plaît. (759)
Excuse me. (760),Excusez-moi. (760)
Where is this location? (761),Où se trouve cet endroit ? (761)
How do I get there? (762),Comment puis-je y aller ? (762)
What time is it? (763),Quelle heure est-il ? (763)
Where can I get food? (764),Où puis-je manger ? (764)
I need help. (765),J'ai besoin d'aide. (765)
Hello (766),Bonjour (766)
Hi (767),Salut (767)
Good morning (768),Bonjour (768)
Good evening (769),Bonsoir (769)
How are you? (770),Comment allez-vous ? (770)
I am fine. (771),Je vais bien. (771)
I love you. (772),Je t'aime. (772)
Thank you. (773),Merci. (773)
Please. (774),S'il vous plaît. (774)
Excuse me. (775),Excusez-moi. (775)
Where is this location? (776),Où se trouve cet endroit ? (776)
How do I get there? (777),Comment puis-je y aller ? (777)
What time is it? (778),Quelle heure est-il ? (778)
Where can I get food? (779),Où puis-je manger ? (779)
I need help. (780),J'ai besoin d'aide. (780)
Hello (781),Bonjour (781)
Hi (782),Salut (782)
Good morning (783),Bonjour (783)
Good evening (784),Bonsoir (784)
How are you? (785),Comment allez-vous ? (785)
I am fine. (786),Je vais bien. (786)
I love you. (787),Je t'aime. (787)
Thank you. (788),Merci. (788)
Please. (789),S'il vous plaît. (789)
Excuse me. (790),Excusez-moi. (790)
Where is this location? (791),Où se trouve cet endroit ? (791)
How do I get there? (792),Comment puis-je y aller ? (792)
What time is it? (793),Quelle heure est-il ? (793)
Where can I get food? (794),Où puis-je manger ? (794)
I need help. (795),J'ai besoin d'aide. (795)
Hello (796),Bonjour (796)
Hi (797),Salut (797)
Good morning (798),Bonjour (798)
Good evening (799),Bonsoir (799)
How are you? (800),Comment allez-vous ? (800)
I am fine. (801),Je vais bien. (801)
I love you. (802),Je t'aime. (802)
Thank you. (803),Merci. (803)
Please. (804),S'il vous plaît. (804)
Excuse me. (805),Excusez-moi. (805)
Where is this location? (806),Où se trouve cet endroit ? (806)
How do I get there? (807),Comment puis-je y aller ? (807)
What time is it? (808),Quelle heure est-il ? (808)
Where can I get food? (809),Où puis-je manger ? (809)
I need help. (810),J'ai besoin d'aide. (810)
Hello (811),Bonjour (811)
Hi (812),Salut (812)
Good morning (813),Bonjour (813)
Good evening (814),Bonsoir (814)
How are you? (815),Comment allez-vous ? (815)
I am fine. (816),Je vais bien. (816)
I love you. (817),Je t'aime. (817)
Thank you. (818),Merci. (818)
Please. (819),S'il vous plaît. (819)
Excuse me. (820),Excusez-moi. (820)
Where is this location? (821),Où se trouve cet endroit ? (821)
How do I get there? (822),Comment puis-je y aller ? (822)
What time is it? (823),Quelle heure est-il ? (823)
Where can I get food? (824),Où puis-je manger ? (824)
I need help. (825),J'ai besoin d'aide. (825)
Hello (826),Bonjour (826)
Hi (827),Salut (827)
Good morning (828),Bonjour (828)
Good evening (829),Bonsoir (829)
How are you? (830),Comment allez-vous ? (830)
I am fine. (831),Je vais bien. (831)
I love you. (832),Je t'aime. (832)
Thank you. (833),Merci. (833)
Please. (834),S'il vous plaît. (834)
Excuse me. (835),Excusez-moi. (835)
Where is this location? (836),Où se trouve cet endroit ? (836)
How do I get there? (837),Comment puis-je y aller ? (837)
What time is it? (838),Quelle heure est-il ? (838)
Where can I get food? (839),Où puis-je manger ? (839)
I need help. (840),J'ai besoin d'aide. (840)
Hello (841),Bonjour (841)
Hi (842),Salut (842)
Good morning (843),Bonjour (843)
Good evening (844),Bonsoir (844)
How are you? (845),Comment allez-vous ? (845)
I am fine. (846),Je vais bien. (846)
I love you. (847),Je t'aime. (847)
Thank you. (848),Merci. (848)
Please. (849),S'il vous plaît. (849)
Excuse me. (850),Excusez-moi. (850)
Where is this location? (851),Où se trouve cet endroit ? (851)
How do I get there? (852),Comment puis-je y aller ? (852)
What time is it? (853),Quelle heure est-il ? (853)
Where can I get food? (854),Où puis-je manger ? (854)
I need help. (855),J'ai besoin d'aide. (855)
Hello (856),Bonjour (856)
Hi (857),Salut (857)
Good morning (858),Bonjour (858)
Good evening (859),Bonsoir (859)
How are you? (860),Comment allez-vous ? (860)
I am fine. (861),Je vais bien. (861)
I love you. (862),Je t'aime. (862)
Thank you. (863),Merci. (863)
Please. (864),S'il vous plaît. (864)
Excuse me. (865),Excusez-moi. (865)
Where is this location? (866),Où se trouve cet endroit ? (866)
How do I get there? (867),Comment puis-je y aller ? (867)
What time is it? (868),Quelle heure est-il ? (868)
Where can I get food? (869),Où puis-je manger ? (869)
I need help. (870),J'ai besoin d'aide. (870)
Hello (871),Bonjour (871)
Hi (872),Salut (872)
Good morning (873),Bonjour (873)
Good evening (874),Bonsoir (874)
How are you? (875),Comment allez-vous ? (875)
I am fine. (876),Je vais bien. (876)
I love you. (877),Je t'aime. (877)
Thank you. (878),Merci. (878)
Please. (879),S'il vous plaît. (879)
Excuse me. (880),Excusez-moi. (880)
Where is this location? (881),Où se trouve cet endroit ? (881)
How do I get there? (882),Comment puis-je y aller ? (882)
What time is it? (883),Quelle heure est-il ? (883)
Where can I get food? (884),Où puis-je manger ? (884)
I need help. (885),J'ai besoin d'aide. (885)
Hello (886),Bonjour (886)
Hi (887),Salut (887)
Good morning (888),Bonjour (888)
Good evening (889),Bonsoir (889)
How are you? (890),Comment allez-vous ? (890)
I am fine. (891),Je vais bien. (891)
I love you. (892),Je t'aime. (892)
Thank you. (893),Merci. (893)
Please. (894),S'il vous plaît. (894)
Excuse me. (895),Excusez-moi. (895)
Where is this location? (896),Où se trouve cet endroit ? (896)
How do I get there? (897),Comment puis-je y aller ? (897)
What time is it? (898),Quelle heure est-il ? (898)
Where can I get food? (899),Où puis-je manger ? (899)
I need help. (900),J'ai besoin d'aide. (900)
Hello (901),Bonjour (901)
Hi (902),Salut (902)
Good morning (903),Bonjour (903)
Good evening (904),Bonsoir (904)
How are you? (905),Comment allez-vous ? (905)
I am fine. (906),Je vais bien. (906)
I love you. (907),Je t'aime. (907)
Thank you. (908),Merci. (908)
Please. (909),S'il vous plaît. (909)
Excuse me. (910),Excusez-moi. (910)
Where is this location? (911),Où se trouve cet endroit ? (911)
How do I get there? (912),Comment puis-je y aller ? (912)
What time is it? (913),Quelle heure est-il ? (913)
Where can I get food? (914),Où puis-je manger ? (914)
I need help. (915),J'ai besoin d'aide. (915)
Hello (916),Bonjour (916)
Hi (917),Salut (917)
Good morning (918),Bonjour (918)
Good evening (919),Bonsoir (919)
How are you? (920),Comment allez-vous ? (920)
I am fine. (921),Je vais bien. (921)
I love you. (922),Je t'aime. (922)
Thank you. (923),Merci. (923)
Please. (924),S'il vous plaît. (924)
Excuse me. (925),Excusez-moi. (925)
Where is this location? (926),Où se trouve cet endroit ? (926)
How do I get there? (927),Comment puis-je y aller ? (927)
What time is it? (928),Quelle heure est-il ? (928)
Where can I get food? (929),Où puis-je manger ? (929)
I need help. (930),J'ai besoin d'aide. (930)
Hello (931),Bonjour (931)
Hi (932),Salut (932)
Good morning (933),Bonjour (933)
Good evening (934),Bonsoir (934)
How are you? (935),Comment allez-vous ? (935)
I am fine. (936),Je vais bien. (936)
I love you. (937),Je t'aime. (937)
Thank you. (938),Merci. (938)
Please. (939),S'il vous plaît. (939)
Excuse me. (940),Excusez-moi. (940)
Where is this location? (941),Où se trouve cet endroit ? (941)
How do I get there? (942),Comment puis-je y aller ? (942)
What time is it? (943),Quelle heure est-il ? (943)
Where can I get food? (944),Où puis-je manger ? (944)
I need help. (945),J'ai besoin d'aide. (945)
Hello (946),Bonjour (946)
Hi (947),Salut (947)
Good morning (948),Bonjour (948)
Good evening (949),Bonsoir (949)
How are you? (950),Comment allez-vous ? (950)
I am fine. (951),Je vais bien. (951)
I love you. (952),Je t'aime. (952)
Thank you. (953),Merci. (953)
Please. (954),S'il vous plaît. (954)
Excuse me. (955),Excusez-moi. (955)
Where is this location? (956),Où se trouve cet endroit ? (956)
How do I get there? (957),Comment puis-je y aller ? (957)
What time is it? (958),Quelle heure est-il ? (958)
Where can I get food? (959),Où puis-je manger ? (959)
I need help. (960),J'ai besoin d'aide. (960)
Hello (961),Bonjour (961)
Hi (962),Salut (962)
Good morning (963),Bonjour (963)
Good evening (964),Bonsoir (964)
How are you? (965),Comment allez-vous ? (965)
I am fine. (966),Je vais bien. (966)
I love you. (967),Je t'aime. (967)
Thank you. (968),Merci. (968)
Please. (969),S'il vous plaît. (969)
Excuse me. (970),Excusez-moi. (970)
Where is this location? (971),Où se trouve cet endroit ? (971)
How do I get there? (972),Comment puis-je y aller ? (972)
What time is it? (973),Quelle heure est-il ? (973)
Where can I get food? (974),Où puis-je manger ? (974)
I need help. (975),J'ai besoin d'aide. (975)
Hello (976),Bonjour (976)
Hi (977),Salut (977)
Good morning (978),Bonjour (978)
Good evening (979),Bonsoir (979)
How are you? (980),Comment allez-vous ? (980)
I am fine. (981),Je vais bien. (981)
I love you. (982),Je t'aime. (982)
Thank you. (983),Merci. (983)
Please. (984),S'il vous plaît. (984)
Excuse me. (985),Excusez-moi. (985)
Where is this location? (986),Où se trouve cet endroit ? (986)
How do I get there? (987),Comment puis-je y aller ? (987)
What time is it? (988),Quelle heure est-il ? (988)
Where can I get food? (989),Où puis-je manger ? (989)
I need help. (990),J'ai besoin d'aide. (990)
Hello (991),Bonjour (991)
Hi (992),Salut (992)
Good morning (993),Bonjour (993)
Good evening (994),Bonsoir (994)
How are you? (995),Comment allez-vous ? (995)
I am fine. (996),Je vais bien. (996)
I love you. (997),Je t'aime. (997)
Thank you. (998),Merci. (998)
Please. (999),S'il vous plaît. (999)
Excuse me. (1000),Excusez-moi. (1000)
